Identifier,Code,Start_Year,End_Year,Public,Type,Name_En,Name_Fr,Name_Es,Name_Ar,Name_Zh,Name_Ru,ShortName_En,ShortName_Fr,ShortName_Es,ShortName_Ar,ShortName_Zh,ShortName_Ru,Definition,ScopeNote,HistoryNote,EditorialNote,SubSet
1001,004,1900,9999,true,Country,Afghanistan,la République islamique d'Afghanistan,la República Islámica del Afganistán,أفغانستان,阿富汗伊斯兰共和国,Афганистан,Afghanistan,Afghanistan,Afganistán,أفغانستان,阿富汗伊斯兰共和国,Афганистан,,,,,
1002,248,2003,9999,true,Country,Åland Islands,Îles d'Åland,Islas Åland,ألاند جزر,奥兰群岛,Аландские острова,Åland Islands,Îles d'Åland,Islas Åland,ألاند جزر,奥兰群岛,Аландские острова,,,,,
1003,008,1900,9999,true,Country,Albania,la République d'Albanie,la República de Albania,ألبانيا,阿尔巴尼亚共和国,Албания,Albania,Albanie,Albania,ألبانيا,阿尔巴尼亚共和国,Албания,,,,,
1004,012,1900,9999,true,Country,Algeria,la République algérienne démocratique et populaire,la República Argelina Democrática y Popular,الجزائر,阿尔及利亚民主人民共和国,Алжир,Algeria,Algérie,Argelia,الجزائر,阿尔及利亚民主人民共和国,Алжир,,,,,
1005,016,1900,9999,true,Country,American Samoa,Samoa américaines,Samoa Americana,الأمريكية ساموا,美属萨摩亚,Американское Самоа,American Samoa,Samoa américaines,Samoa Americana,الأمريكية ساموا,美属萨摩亚,Американское Самоа,,,,,
1006,020,1900,9999,true,Country,Andorra,la Principauté d'Andorre,el Principado de Andorra,أندورا,安道尔,Андорра,Andorra,Andorre,Andorra,أندورا,安道尔,Андорра,,,,,
1007,024,1900,9999,true,Country,Angola,la République d'Angola,la República de Angola,جمهورية أنغولا,安哥拉,Республика Ангола,Angola,Angola,Angola,جمهورية أنغولا,安哥拉,Республика Ангола,,,,,
1008,660,1980,9999,true,Country,Anguilla,Anguilla,Anguila,من أنغويلا,安圭拉的/安圭拉人,ангильский,Anguilla,Anguilla,Anguila,من أنغويلا,安圭拉的/安圭拉人,ангильский,,,,,
1009,010,1900,9999,true,Country,Antarctica,Antarctique,Antártida,أنتارتيكا,南极洲,Антарктика,Antarctica others,Antarctique autres,Antartida otros,أنتارتيكا,南极洲,Антарктика,,,,,
1010,028,1900,9999,true,Country,Antigua and Barbuda,Antigua-et-Barbuda,Antigua y Barbuda,أنتيغوا وباربودا,安提瓜和巴布达,Антигуа и Барбуда,Antigua and Barbuda,Antigua-et-Barbuda,Antigua y Barbuda,أنتيغوا وباربودا,安提瓜和巴布达,Антигуа и Барбуда,,,,,
1011,032,1900,9999,true,Country,Argentina,la République argentine,la República Argentina,الأرجنتين,阿根廷,Аргентинская Республика,Argentina,Argentine,Argentina,الأرجنتين,阿根廷,Аргентинская Республика,,,,,
1012,051,1992,9999,true,Country,Armenia,la République d'Arménie,la República de Armenia,أرمينيا,亚美尼亚,Республика Армения,Armenia,Arménie,Armenia,أرمينيا,亚美尼亚,Республика Армения,,,,,
1013,533,1986,9999,true,Country,Aruba,Aruba,Aruba,أروبا,阿鲁巴岛,Аруба,Aruba,Aruba,Aruba,أروبا,阿鲁巴岛,Аруба,,,,,
1014,036,1900,9999,true,Country,Australia,l'Australie,Australia,أستراليا,澳大利亚,Австралия,Australia,Australie,Australia,أستراليا,澳大利亚,Австралия,,,,,
1015,040,1900,9999,true,Country,Austria,la République d'Autriche,la República de Austria,النمسا,奥地利,Австрия,Austria,Autriche,Austria,النمسا,奥地利,Австрия,,,,,
1016,031,1992,9999,true,Country,Azerbaijan,la République d'Azerbaïdjan,la República de Azerbaiyán,الجمهورية الأذربيجانية,阿塞拜疆共和国,Азербайджан,Azerbaijan,Azerbaïdjan,Azerbaiyán,الجمهورية الأذربيجانية,阿塞拜疆共和国,Азербайджан,,,,,
1017,044,1900,9999,true,Country,Bahamas,le Commonwealth des Bahamas,el Commonwealth de las Bahamas,جزر البهاما,巴哈马,Багамские Острова,Bahamas,Bahamas,Bahamas,جزر البهاما,巴哈马,Багамские Острова,,,,,
1018,048,1900,9999,true,Country,Bahrain,le Royaume de Bahreïn,el Reino de Bahrein,البحرين,巴林王国,Бахрейн,Bahrain,Bahreïn,Bahrein,البحرين,巴林王国,Бахрейн,,,,,
1019,050,1900,9999,true,Country,Bangladesh,la République populaire du Bangladesh,la República Popular de Bangladesh,بنغلاديش,孟加拉国,Бангладеш,Bangladesh,Bangladesh,Bangladesh,بنغلاديش,孟加拉国,Бангладеш,,,,,
1020,052,1900,9999,true,Country,Barbados,la Barbade,Barbados,بربادوس,巴巴多斯,Барбадос,Barbados,Barbade,Barbados,بربادوس,巴巴多斯,Барбадос,,,,,
1021,112,1992,9999,true,Country,Belarus,la République du Bélarus,la República de Belarús,جمهورية بيلاروس,白俄罗斯,Беларусь,Belarus,Bélarus,Belarús,جمهورية بيلاروس,白俄罗斯,Беларусь,,,,,
1022,056,1900,9999,true,Country,Belgium,le Royaume de Belgique,el Reino de Bélgica,بلجيكا,比利时,Бельгия,Belgium,Belgique,Bélgica,بلجيكا,比利时,Бельгия,,,,,
1023,084,1900,9999,true,Country,Belize,le Belize,Belice,بليز,伯利兹,Белиз,Belize,Belize,Belice,بليز,伯利兹,Белиз,,,,,
1024,204,1900,9999,true,Country,Benin,la République du Bénin,la República de Benin,جمهورية بنن,贝 宁,Республика Бенин,Benin,Bénin,Benin,جمهورية بنن,贝 宁,Республика Бенин,,,,,
1025,060,1900,9999,true,Country,Bermuda,les Bermudes,Bermudas,برمودا,百慕大,Бермудские острова,Bermuda,Bermudes,Bermudas,برمودا,百慕大,Бермудские острова,,,,,
1026,064,1900,9999,true,Country,Bhutan,le Royaume du Bhoutan,el Reino de Bhután,بوتان,不丹王国,Бутан,Bhutan,Bhoutan,Bhután,بوتان,不丹王国,Бутан,,,,,
1027,068,1900,9999,true,Country,Bolivia (Plurinational State of),l'État plurinational de Bolivie,el Estado Plurinacional de Bolivia,بوليفيا (دولة - المتعددة القوميات),玻利维亚多民族国,Боливия (Многонациональное Государство),Bolivia (Plurinat.State),Bolivie (État plurinat.),Bolivia (Estado Plurin.),بوليفيا (دولة - المتعددة القوميات),玻利维亚多民族国,Боливия (Многонациональное Государство),,,,,
1028,535,2010,9999,true,Country,"Bonaire, Sint Eustatius and Saba",Bonaire Sint Eustatius et Saba,Bonaire Sint Eustatius y Saba,وسابا يوستاتيوس وسان بونير,博纳尔、圣俄斯塔休斯和萨巴,Бонайре Синт-Эстатиус и Саба,Bonaire/S.Eustatius/Saba,Bonaire/S.Eustatius/Saba,Bonaire/S.Eustatius/Saba,وسابا يوستاتيوس وسان بونير,博纳尔、圣俄斯塔休斯和萨巴,Бонайре Синт-Эстатиус и Саба,,,,,
1029,070,1992,9999,true,Country,Bosnia and Herzegovina,la Bosnie-Herzégovine,Bosnia y Herzegovina,البوسنة والهرسك,波斯尼亚－黑塞哥维那,Босния и Герцеговина,Bosnia and Herzegovina,Bosnie-Herzégovine,Bosnia y Herzegovina,البوسنة والهرسك,波斯尼亚－黑塞哥维那,Босния и Герцеговина,,,,,
1030,072,1900,9999,true,Country,Botswana,la République du Botswana,la República de Botswana,بوتسوانا,博茨瓦纳,Ботсвана,Botswana,Botswana,Botswana,بوتسوانا,博茨瓦纳,Ботсвана,,,,,
1031,074,1900,9999,true,Country,Bouvet Island,Île Bouvet,Isla Bouvet,بوفيه جزر,博维特岛,остров Буве,Bouvet Island,Île Bouvet,Isla Bouvet,بوفيه جزر,博维特岛,остров Буве,,,,,
1032,076,1900,9999,true,Country,Brazil,la République fédérative du Brésil,la República Federativa del Brasil,الجمهورية الاتحادية البرازيلية,巴 西,Бразилия,Brazil,Brésil,Brasil,الجمهورية الاتحادية البرازيلية,巴 西,Бразилия,,,,,
1033,086,1900,9999,true,Country,Chagos Archipelago,,,,,,Chagos Archipelago,,,,,,,,The name of the British Indian Ocean Territory has been changed to “Chagos Archipelago” as to reflect the UN Resolution 73/295 adopted by the General Assembly on 22 May 2019.,,
1034,092,1900,9999,true,Country,British Virgin Islands,Îles Vierges britanniques,Islas Vírgenes Británicas,البريطانية فيرجين جزر,英属维尔京群岛,Британские Виргинские острова,British Virgin Islands,Îles Vierges britanniq.,Islas Vírgenes Britán.,البريطانية فيرجين جزر,英属维尔京群岛,Британские Виргинские острова,,,,,
1035,096,1900,9999,true,Country,Brunei Darussalam,le Brunéi Darussalam,Brunei Darussalam,السلام دار بروني,文莱达鲁萨兰国,Бруней-Даруссалам,Brunei Darussalam,Brunéi Darussalam,Brunei Darussalam,السلام دار بروني,文莱达鲁萨兰国,Бруней-Даруссалам,,,,,
1036,100,1900,9999,true,Country,Bulgaria,la République de Bulgarie,la República de Bulgaria,جمهورية بلغاريا,保加利亚,Болгария,Bulgaria,Bulgarie,Bulgaria,جمهورية بلغاريا,保加利亚,Болгария,,,,,
1037,854,1900,9999,true,Country,Burkina Faso,le Burkina Faso,Burkina Faso,بوركينا فاسو,布基纳法索,Буркина-Фасо,Burkina Faso,Burkina Faso,Burkina Faso,بوركينا فاسو,布基纳法索,Буркина-Фасо,,,,,
1038,108,1900,9999,true,Country,Burundi,la République du Burundi,la República de Burundi,بوروندي,布隆迪,Бурунди,Burundi,Burundi,Burundi,بوروندي,布隆迪,Бурунди,,,,,
1039,132,1900,9999,true,Country,Cabo Verde,la République de Cabo Verde,la República de Cabo Verde,الأخضر الرأس جمهورية,佛得角共和国, Республика Кабо-Верде,Cabo Verde,Cabo Verde,Cabo Verde,الأخضر الرأس,佛得角,Кабо-Верде,,,,,
1040,116,1900,9999,true,Country,Cambodia,le Royaume du Cambodge,el Reino de Camboya,كمبوديا,柬埔寨,Камбоджа,Cambodia,Cambodge,Camboya,كمبوديا,柬埔寨,Камбоджа,,,,,
1041,120,1900,9999,true,Country,Cameroon,la République du Cameroun,la República del Camerún,جمهورية الكاميرون,喀麦隆,Камерун,Cameroon,Cameroun,Camerún,جمهورية الكاميرون,喀麦隆,Камерун,,,,,
1042,124,1900,9999,true,Country,Canada,le Canada,el Canadá,كندا,加拿大,Канада,Canada,Canada,Canadá,كندا,加拿大,Канада,,,,,
1043,136,1900,9999,true,Country,Cayman Islands,les Îles Caïmanes,Islas Caimán,كايمان جزر,开曼群岛,Каймановы острова,Cayman Islands,Îles Caïmanes,Islas Caimán,كايمان جزر,开曼群岛,Каймановы острова,,,,,
1044,140,1900,9999,true,Country,Central African Republic,la République centrafricaine,la República Centroafricana,جمهورية أفريقيا الوسطى,中非共和国,Центральноафриканская Республика,Central African Republic,Rép. centrafricaine,República Centroafricana,جمهورية أفريقيا الوسطى,中非共和国,Центральноафриканская Республика,,,,,
1045,148,1900,9999,true,Country,Chad,la République du Tchad,la República del Chad,جمهورية تشاد,乍 得,Чад,Chad,Tchad,Chad,جمهورية تشاد,乍 得,Чад,,,,,
1046,152,1900,9999,true,Country,Chile,la République du Chili,la República de Chile,جمهورية شيلى,智利共和国,Республика Чили,Chile,Chili,Chile,جمهورية شيلى,智利共和国,Республика Чили,,,,,
1047,156,1900,9999,true,Country,"China, Mainland",,,,,,,,,,,,M49 official descriptor for 156 China is to be intended as China mainland.,,"Descriptor has been modified in June 2021, after 159 - China, Total has been added as an intermediate region in reference files. 156 updated descriptor ""China, Mainland"": descriptors in languages other then English removed as the added attribute ""Mainland"" is not available in NOCS",,
1048,344,1900,9999,true,Country,"China, Hong Kong SAR",Chine - Région administrative spéciale de Hong-Kong,China Región Administrativa Especial de Hong Kong,خاصة إدارية منطقة كونغ هونغ الصين-,中国香港特别行政区,Китай Специальный административный район Гонконг,China Hong Kong SAR,Chine RAS de Hong-Kong,China RAE de Hong Kong,خاصة إدارية منطقة كونغ هونغ الصين-,中国香港特区,Китай Специальный административный район Гонконг,China Hong Kong Special Administrative Region,,,,
1049,446,1900,9999,true,Country,"China, Macao SAR",Chine - RAS de Macao,China Región Administrativa Especial de Macao,خاصة إدارية منطقة مكاو الصين-,中国澳门特别行政区,Китай Специальный административный район Макао,China Macao SAR,Chine RAS de Macao,China RAE de Macao,خاصة إدارية منطقة مكاو الصين-,中国澳门特区,Китай Специальный административный район Макао,China Macao Special Administrative Region,,,,
1050,162,1900,9999,true,Country,Christmas Island,Île Christmas,Isla Christmas,كريسماس جزر,圣诞岛,остров Рождества,Christmas Island,Île Christmas,Isla Christmas,كريسماس جزر,圣诞岛,остров Рождества,,,,,
1051,166,1900,9999,true,Country,Cocos (Keeling) Islands,Îles des Cocos (Keeling),Islas Cocos (Keeling),كيلنغ - كوكوس جزر,可可群岛,Кокосовые острова (Килинг),Cocos (Keeling) Islands,Îles des Cocos (Keeling),Islas Cocos (Keeling),كيلنغ - كوكوس جزر,可可群岛,Кокосовые острова (Килинг),,,,,
1052,170,1900,9999,true,Country,Colombia,la République de Colombie,la República de Colombia,جمهورية كولومبيا,哥伦比亚,Колумбия,Colombia,Colombie,Colombia,جمهورية كولومبيا,哥伦比亚,Колумбия,,,,,
1053,174,1900,9999,true,Country,Comoros,l'Union des Comores,la Unión de las Comoras,جزر القمر,科摩罗,Союз Коморских Островов,Comoros,Comores,Comoras,جزر القمر,科摩罗,Союз Коморских Островов,,,,,
1054,178,1900,9999,true,Country,Congo,la République du Congo,la República del Congo,جمهورية الكونغو,刚 果,Республика Конго,Congo,Congo,Congo,جمهورية الكونغو,刚 果,Республика Конго,,,,,
1055,184,1900,9999,true,Country,Cook Islands,les Îles Cook,las Islas Cook,جزر كوك,库克群岛,Острова Кука,Cook Islands,Îles Cook,Islas Cook,جزر كوك,库克群岛,Острова Кука,,,,,
1056,188,1900,9999,true,Country,Costa Rica,la République du Costa Rica,la República de Costa Rica,كوستاريكا,哥斯达黎加,Республика Коста-Рика,Costa Rica,Costa Rica,Costa Rica,كوستاريكا,哥斯达黎加,Республика Коста-Рика,,,,,
1057,384,1900,9999,true,Country,Côte d'Ivoire,la République de Côte d'Ivoire,la República de Côte d'Ivoire,جمهورية كوت ديفوار,科特迪瓦,Республика Кот-д'Ивуар,Côte d'Ivoire,Côte d'Ivoire,Côte d'Ivoire,جمهورية كوت ديفوار,科特迪瓦,Республика Кот-д'Ивуар,,,,,
1058,191,1992,9999,true,Country,Croatia,la République de Croatie,la República de Croacia,كرواتيا,克罗地亚共和国,Хорватия,Croatia,Croatie,Croacia,كرواتيا,克罗地亚共和国,Хорватия,,,,,
1059,192,1900,9999,true,Country,Cuba,la République de Cuba,la República de Cuba,جمهورية كوبا,古 巴,Республика Куба,Cuba,Cuba,Cuba,جمهورية كوبا,古 巴,Республика Куба,,,,,
1060,531,2010,9999,true,Country,Curaçao,Curaçao,Curaçao,كوراساو,库拉索,Кюрасао,Curaçao,Curaçao,Curaçao,كوراساو,库拉索,Кюрасао,,,,,
1061,196,1900,9999,true,Country,Cyprus,la République de Chypre,la República de Chipre,جمهورية قبرص,塞浦路斯共和国,Кипр,Cyprus,Chypre,Chipre,جمهورية قبرص,塞浦路斯共和国,Кипр,,,,,
1062,203,1993,9999,true,Country,Czechia,la République tchèque,la República Checa,التشيكية الجمهورية,捷克共和国,Чешская Республика,Czechia,Chequia,Chequia,التشيك,捷克,Чехия,,,,,
1063,408,1900,9999,true,Country,Democratic People's Republic of Korea,la République populaire démocratique de Corée,la República Popular Democrática de Corea,جمهورية كوريا الشعبية الديمقراطية,朝鲜民主主义人民共和国,Корейская Народно-Демократическая Республика,Korea Dem. People's Rep,Rép. pop. dém. de Corée,Rep. Pop. Dem. de Corea,جمهورية كوريا الشعبية الديمقراطية,朝鲜民主主义人民共和国,Корейская Народно-Демократическая Республика,,,,,
1064,180,1900,9999,true,Country,Democratic Republic of the Congo,la République démocratique du Congo,la República Democrática del Congo,جمهورية الكونغو الديمقراطية,刚果民主共和国,Демократическая Республика Конго,Congo Dem. Rep. of the,Rép. dém. du Congo,Rep. Dem. del Congo,جمهورية الكونغو الديمقراطية,刚果民主共和国,Демократическая Республика Конго,,,,,
1065,208,1900,9999,true,Country,Denmark,le Royaume du Danemark,el Reino de Dinamarca,مملكة الدانمرك,丹麦王国,Дания,Denmark,Danemark,Dinamarca,مملكة الدانمرك,丹麦王国,Дания,,,,,
1066,262,1900,9999,true,Country,Djibouti,la République de Djibouti,la República de Djibouti,جيبوتي,吉布提,Джибути,Djibouti,Djibouti,Djibouti,جيبوتي,吉布提,Джибути,,,,,
1067,212,1900,9999,true,Country,Dominica,le Commonwealth de la Dominique,el Commonwealth de Dominica,كمنولث دومينيكا,多米尼克,Доминика,Dominica,Dominique,Dominica,كمنولث دومينيكا,多米尼克,Доминика,,,,,
1068,214,1900,9999,true,Country,Dominican Republic,la République dominicaine,la República Dominicana,الجمهورية الدومينيكية,多米尼加共和国,Доминиканская Республика,Dominican Republic,République dominicaine,República Dominicana,الجمهورية الدومينيكية,多米尼加共和国,Доминиканская Республика,,,,,
1069,218,1900,9999,true,Country,Ecuador,la République de l'Équateur,la República del Ecuador,جمهورية إكوادور,厄瓜多尔共和国,Эквадор,Ecuador,Équateur,Ecuador,جمهورية إكوادور,厄瓜多尔共和国,Эквадор,,,,,
1070,818,1900,9999,true,Country,Egypt,la République arabe d'Égypte,la República Árabe de Egipto,مصر,埃 及,Египет,Egypt,Égypte,Egipto,مصر,埃 及,Египет,,,,,
1071,222,1900,9999,true,Country,El Salvador,la République d'El Salvador,la República de El Salvador,السلفادور,萨尔瓦多,Сальвадор,El Salvador,El Salvador,El Salvador,السلفادور,萨尔瓦多,Сальвадор,,,,,
1072,226,1900,9999,true,Country,Equatorial Guinea,la République de Guinée équatoriale,la República de Guinea Ecuatorial,غينيا الاستوائية,赤道几内亚,Экваториальная Гвинея,Equatorial Guinea,Guinée équatoriale,Guinea Ecuatorial,غينيا الاستوائية,赤道几内亚,Экваториальная Гвинея,,,,,
1073,232,1993,9999,true,Country,Eritrea,l'État d'Érythrée,el Estado de Eritrea,إريتريا دولة,厄立特里亚国,Государство Эритрея,Eritrea,Érythrée,Eritrea,إريتريا,厄立特里亚,Эритрея,,,,,
1074,233,1992,9999,true,Country,Estonia,la République d'Estonie,la República de Estonia,جمهورية إستونيا,爱沙尼亚,Эстонская Республика,Estonia,Estonie,Estonia,جمهورية إستونيا,爱沙尼亚,Эстонская Республика,,,,,
1075,748,1900,9999,true,Country,Eswatini,le Royaume d’Eswatini,el Reino de Eswatini,إسواتيني مملكة,斯威士兰王国,Королевство Эсватини,Eswatini,Eswatini,Eswatini,إسواتيني,斯威士兰,Эсватини,,,,The name of the Kingdom of Swaziland has changed into the Kingdom of Eswatini (long name) and Eswatini (short name) as of 19 April 2018 according to the “Legal No. 80” of 2018 titles “Declaration of Change of Swaziland Name Notice 2018,
1076,231,1993,9999,true,Country,Ethiopia,la République fédérale démocratique d'Éthiopie,la República Democrática Federal de Etiopía,إثيوبيا,埃塞俄比亚,Эфиопия,Ethiopia,Éthiopie,Etiopía,إثيوبيا,埃塞俄比亚,Эфиопия,,,,,
1077,238,1900,9999,true,Country,Falkland Islands (Malvinas),les Îles Falkland (Malvinas),las Islas Malvinas (Falkland Islands),مالفيناس - فوكلاند جزر,福克兰群岛（马尔维纳斯）,Фолклендские (Мальвинские) острова,Falkland Is.(Malvinas),Îles Falkland(Malvinas),Islas Malvinas(Falkland),مالفيناس - فوكلاند جزر,福克兰群岛（马尔维纳斯）,Фолклендские (Мальвинские) острова,,,,,
1078,234,1900,9999,true,Country,Faroe Islands,les Îles Féroé,las Islas Feroe,جزر فيرويه(Associate Member),法罗群岛,Фарерские Острова,Faroe Islands,Îles Féroé,Islas Feroe,جزر فيرويه (Associate Member),法罗群岛,Фарерские Острова,,,,,
1079,242,1900,9999,true,Country,Fiji,la République des Fidji,la República de Fiji,جمهوريّة فيجي,斐济共和国,Республика Фиджи,Fiji,Fidji,Fiji,فيجي,斐济,Фиджи,,,,,
1080,246,1900,9999,true,Country,Finland,la République de Finlande,la República de Finlandia,فنلندا,芬 兰,Финляндия,Finland,Finlande,Finlandia,فنلندا,芬 兰,Финляндия,,,,,
1081,250,1900,9999,true,Country,France,la République française,la República Francesa,فرنسا,法  国,Франция,France,France,Francia,فرنسا,法  国,Франция,,,,,
1082,254,1900,9999,true,Country,French Guiana,Guyane française,Guayana francesa,من غيانا الفرنسية,法属圭亚那人/法属圭亚那的,гвианский,French Guiana,Guyane française,Guayana Francesa,من غيانا الفرنسية,法属圭亚那人/法属圭亚那的,гвианский,,,,,
1083,258,1900,9999,true,Country,French Polynesia,la Polynésie française,Polinesia Francesa,من بولينيزيا الفرنسية,波利尼西亚人/波利尼西亚的,полинезиец,French Polynesia,Polynésie française,Polinesia Francesa,من بولينيزيا الفرنسية,波利尼西亚人/波利尼西亚的,полинезиец,,,,,
1084,260,1900,9999,true,Country,French Southern Territories,les Terres australes et antarctiques françaises,las Tierras Australes y Antárticas Francesas,أنتارتيكا في والواقعة الجنوبية الفرنسية الأقاليم,法属南半球和南极领地,Французские южные и антарктические территории,French Southern Terr,Terres australes fr.,Tierras Australes Fr.,أنتارتيكا في والواقعة الجنوبية الفرنسية الأقاليم,法属南半球和南极领地,Французские южные и антарктические территории,,,,,
1085,266,1900,9999,true,Country,Gabon,la République gabonaise,la República Gabonesa,الجمهورية الغابونية,加 蓬,Габон,Gabon,Gabon,Gabón,الجمهورية الغابونية,加 蓬,Габон,,,,,
1086,270,1900,9999,true,Country,Gambia,la République de Gambie,la República de Gambia,غامبيا جمهوريّة ,冈比亚共和国,Республика Гамбия,Gambia,Gambia,Gambia,غامبيا,冈比亚,Гамбия,,,,,
1087,268,1992,9999,true,Country,Georgia,la Géorgie,Georgia,جورجيا,格鲁吉亚,Грузия,Georgia,Géorgie,Georgia,جورجيا,格鲁吉亚,Грузия,,,,,
1088,276,1990,9999,true,Country,Germany,la République fédérale d'Allemagne,la República Federal de Alemania,ألمانيا,德意志联邦共和国,Германия,Germany,Allemagne,Alemania,ألمانيا,德意志联邦共和国,Германия,,,,,
1089,288,1900,9999,true,Country,Ghana,la République du Ghana,la República de Ghana,جمهورية غانا,加 纳,Гана,Ghana,Ghana,Ghana,جمهورية غانا,加 纳,Гана,,,,,
1090,292,1900,9999,true,Country,Gibraltar,Gibraltar,Gibraltar,من جبل طارق,直布罗陀人/直布罗陀的,гибралтарский,Gibraltar,Gibraltar,Gibraltar,من جبل طارق,直布罗陀人/直布罗陀的,гибралтарский,,,,,
1091,300,1900,9999,true,Country,Greece,la République hellénique,la República Helénica,اليونان,希 腊,Греция,Greece,Grèce,Grecia,اليونان,希 腊,Греция,,,,,
1092,304,1900,9999,true,Country,Greenland,Groenland,Groenlandia,غرينلاند,格陵兰,Гренландия,Greenland,Groenland,Groenlandia,غرينلاند,格陵兰,Гренландия,,,,,
1093,308,1900,9999,true,Country,Grenada,la Grenade,Granada,غرينادا,格林纳达,Гренада,Grenada,Grenade,Granada,غرينادا,格林纳达,Гренада,,,,,
1094,312,1900,9999,true,Country,Guadeloupe,la Guadeloupe,Guadalupe,غواديالوب,瓜德罗普,Гваделупа,Guadeloupe,Guadeloupe,Guadalupe,غواديالوب,瓜德罗普,Гваделупа,,,,,
1095,316,1900,9999,true,Country,Guam,Guam,Guam,غوام,关岛,Гуам,Guam,Guam,Guam,غوام,关岛,Гуам,,,,,
1096,320,1900,9999,true,Country,Guatemala,la République du Guatemala,la República de Guatemala,غواتيمالا,危地马拉共和国,Гватемала,Guatemala,Guatemala,Guatemala,غواتيمالا,危地马拉共和国,Гватемала,,,,,
1097,831,2005,9999,true,Country,Guernsey,Guernesey,Isla de Guernesey,لغويرنسي التابعة بيلويك,格恩西岛(海峡群岛),Гернси,Guernsey,Guernesey,Isla de Guernesey,لغويرنسي التابعة بيلويك,格恩西岛(海峡群岛),Гернси,,,,,
1098,324,1900,9999,true,Country,Guinea,la République de Guinée,la República de Guinea,غينيا,几内亚共和国,Гвинейская Республика,Guinea,Guinée,Guinea,غينيا,几内亚共和国,Гвинейская Республика,,,,,
1099,624,1900,9999,true,Country,Guinea-Bissau,la République de Guinée-Bissau,la República de Guinea-Bissau,غينيا - بيساو,几内亚比绍,Гвинея-Бисау,Guinea-Bissau,Guinée-Bissau,Guinea-Bissau,غينيا - بيساو,几内亚比绍,Гвинея-Бисау,,,,,
1100,328,1900,9999,true,Country,Guyana,la République coopérative du Guyana,la República Cooperativa de Guyana,التعاونيّة غيانا جمهوريّة,圭亚那合作共和国,Кооперативная Республика Гайана,Guyana,Guyana,Guyana,غيانا,圭亚那,Гайана,,,,,
1101,332,1900,9999,true,Country,Haiti,la République d'Haïti,la República de Haití,هايتي,海地共和国,Гаити,Haiti,Haïti,Haití,هايتي,海地共和国,Гаити,,,,,
1102,334,1900,9999,true,Country,Heard Island and McDonald Islands,Îles Heard et McDonald,Islas Heard y McDonald,ماكدونالد وجزيرة هيرد جزيرة,赫德和麦克唐纳群岛；赫德岛和麦克唐纳岛,острова Херд и Макдональд,Heard and McDonald Is.,Îles Heard et McDonald,Islas Heard y McDonald,ماكدونالد وجزيرة هيرد جزيرة,赫德和麦克唐纳群岛；赫德岛和麦克唐纳岛,острова Херд и Макдональд,,,,,
1103,336,1900,9999,true,Country,Holy See,le Saint-Siège,la Santa Sede,الرسولي الكرسي,教廷,Святой Престол,Holy See,Saint-Siège,Santa Sede,الرسولي الكرسي,教廷,Святой Престол,,,,,
1104,340,1900,9999,true,Country,Honduras,la République du Honduras,la República de Honduras,هندوراس,洪都拉斯共和国,Гондурас,Honduras,Honduras,Honduras,هندوراس,洪都拉斯共和国,Гондурас,,,,,
1105,348,1900,9999,true,Country,Hungary,la Hongrie,Hungría,هنغاريا,匈牙利,Венгрия,Hungary,Hongrie,Hungría,هنغاريا,匈牙利,Венгрия,,,,,
1106,352,1900,9999,true,Country,Iceland,la République d'Islande,la República de Islandia,جمهورية آيسلندا,冰 岛,Исландия,Iceland,Islande,Islandia,جمهورية آيسلندا,冰 岛,Исландия,,,,,
1107,356,1900,9999,true,Country,India,la République de l'Inde,la República de la India,جمهورية الهند,印 度,Индия,India,Inde,India,جمهورية الهند,印 度,Индия,,,,,
1108,360,1900,9999,true,Country,Indonesia,la République d'Indonésie,la República de Indonesia,إندونيسيا,印度尼西亚,Индонезия,Indonesia,Indonésie,Indonesia,إندونيسيا,印度尼西亚,Индонезия,,,,,
1109,364,1900,9999,true,Country,Iran (Islamic Republic of),la République islamique d'Iran,la República Islámica del Irán,إيران,伊朗伊斯兰共和国,Иран (Исламская Республика),Iran (Islamic Rep. of),Iran (Rép. islamique d'),Irán (Rep. Islámica del),إيران,伊朗伊斯兰共和国,Иран (Исламская Республика),,,,,
1110,368,1900,9999,true,Country,Iraq,la République d'Iraq,la República del Iraq,جمهورية العراق,伊拉克,Ирак,Iraq,Iraq,Iraq,جمهورية العراق,伊拉克,Ирак,,,,,
1111,372,1900,9999,true,Country,Ireland,l'Irlande,Irlanda,آيرلندا,爱尔兰,Ирландия,Ireland,Irlande,Irlanda,آيرلندا,爱尔兰,Ирландия,,,,,
1112,833,1900,9999,true,Country,Isle of Man,Île de Man,Isla de Man,مان جزيرة,马恩岛,остров Мэн,Isle of Man,Île de Man,Isla de Man,مان جزيرة,马恩岛,остров Мэн,,,,,
1113,376,1900,9999,true,Country,Israel,l'État d'Israël,el Estado de Israel,دولة إسرائيل,以色列,Израиль,Israel,Israël,Israel,دولة إسرائيل,以色列,Израиль,,,,,
1114,380,1900,9999,true,Country,Italy,la République italienne,la República Italiana,إيطاليا,意大利,Италия,Italy,Italie,Italia,إيطاليا,意大利,Италия,,,,,
1115,388,1900,9999,true,Country,Jamaica,la Jamaïque,Jamaica,جامايكا,牙买加,Ямайка,Jamaica,Jamaïque,Jamaica,جامايكا,牙买加,Ямайка,,,,,
1116,392,1900,9999,true,Country,Japan,le Japon,el Japón,اليابان,日 本,Япония,Japan,Japon,Japón,اليابان,日 本,Япония,,,,,
1117,832,2005,9999,true,Country,Jersey,Jersey,Jersey,جيرسي,泽西行政区,остров Джерси,Jersey,Le Jersey,Jersey,جيرسي,泽西,остров Джерси,,,,,
1118,400,1900,9999,true,Country,Jordan,le Royaume hachémite de Jordanie,el Reino Hachemita de Jordania,الأردن,约 旦,Иорданское Хашимитское Королевство,Jordan,Jordanie,Jordania,الأردن,约 旦,Иорданское Хашимитское Королевство,,,,,
1119,398,1992,9999,true,Country,Kazakhstan,la République du Kazakhstan,la República de Kazajstán,كازاخستان,哈萨克斯坦,Казахстан,Kazakhstan,Kazakhstan,Kazajstán,كازاخستان,哈萨克斯坦,Казахстан,,,,,
1120,404,1900,9999,true,Country,Kenya,la République du Kenya,la República de Kenya,كينيا,肯尼亚,Кения,Kenya,Kenya,Kenya,كينيا,肯尼亚,Кения,,,,,
1121,296,1900,9999,true,Country,Kiribati,la République de Kiribati,la República de Kiribati,كيريباس,基里巴斯,Кирибати,Kiribati,Kiribati,Kiribati,كيريباس,基里巴斯,Кирибати,,,,,
1122,412,,,false,Country,Kosovo (Serbia),,,,,,,,,,,,References to Kosovo is understood to be in the context of Security Council resolution 1244 (1999).,,,"""For internal purpose and regional aggregate purpose only (e.g. macro indicators); not to be disseminated;

FAO code and descriptor; agreed with FAOTERM""

The ad hoc FAO code 412 - Kosovo has been assigned to the same geographical/economic groupings as 688 - Serbia.",
1123,414,1900,9999,true,Country,Kuwait,l'État du Koweït,el Estado de Kuwait,الكويت,科威特,Кувейт,Kuwait,Koweït,Kuwait,الكويت,科威特,Кувейт,,,,,
1124,417,1992,9999,true,Country,Kyrgyzstan,la République kirghize,la República Kirguisa,جمهورية القيرغيز,吉尔吉斯斯坦,Кыргызстан,Kyrgyzstan,Kirghizistan,Kirguistán,جمهورية القيرغيز,吉尔吉斯斯坦,Кыргызстан,,,,,
1125,418,1900,9999,true,Country,Lao People's Democratic Republic,la République démocratique populaire lao,la República Democrática Popular Lao,جمهورية لاو الديمقراطية الشعبية,老挝人民民主共和国,Лаосская Народно-Демократическая Республика,Lao People's Dem. Rep.,Rép. dém. pop. lao,Rep. Dem. Pop. Lao,جمهورية لاو الديمقراطية الشعبية,老挝人民民主共和国,Лаосская Народно-Демократическая Республика,,,,,
1126,428,1992,9999,true,Country,Latvia,la République de Lettonie,la República de Letonia,لاتفيا,拉脱维亚,Латвия,Latvia,Lettonie,Letonia,لاتفيا,拉脱维亚,Латвия,,,,,
1127,422,1900,9999,true,Country,Lebanon,la République libanaise,la República libanesa,الجمهورية اللبنانية,黎巴嫩,Ливан,Lebanon,Liban,Líbano,الجمهورية اللبنانية,黎巴嫩,Ливан,,,,,
1128,426,1900,9999,true,Country,Lesotho,le Royaume du Lesotho,el Reino de Lesotho,مملكة ليسوتو,莱索托,Королевство Лесото,Lesotho,Lesotho,Lesotho,مملكة ليسوتو,莱索托,Королевство Лесото,,,,,
1129,430,1900,9999,true,Country,Liberia,la République du Libéria,la República de Liberia,ليبريا,利比里亚,Либерия,Liberia,Libéria,Liberia,ليبريا,利比里亚,Либерия,,,,,
1130,434,1900,9999,true,Country,Libya,l'État de Libye,Estado de Libia,دولة ليبيا,利比亚国,Государство Ливия,Libya,Libye,Libia,ليبيا,利比亚,Ливия,,,,,
1131,438,1900,9999,true,Country,Liechtenstein,la Principauté du Liechtenstein,el Principado de Liechtenstein,لختنشتاين إمارة,列支敦士登公国,Княжество Лихтенштейн,Liechtenstein,Liechtenstein,Liechtenstein,لختنشتاين,列支敦士登,Лихтенштейн,,,,,
1132,440,1992,9999,true,Country,Lithuania,la République de Lituanie,la República de Lituania,ليتوانيا,立陶宛共和国,Литва,Lithuania,Lituanie,Lituania,ليتوانيا,立陶宛共和国,Литва,,,,,
1133,442,1900,9999,true,Country,Luxembourg,le Grand-Duché de Luxembourg,el Gran Ducado de Luxemburgo,لكسمبرغ,卢森堡,Великое Герцогство Люксембург,Luxembourg,Luxembourg,Luxemburgo,لكسمبرغ,卢森堡,Великое Герцогство Люксембург,,,,,
1134,450,1900,9999,true,Country,Madagascar,la République de Madagascar,la República de Madagascar,جمهورية مدغشقر,马达加斯加,Мадагаскар,Madagascar,Madagascar,Madagascar,جمهورية مدغشقر,马达加斯加,Мадагаскар,,,,,
1135,454,1900,9999,true,Country,Malawi,la République du Malawi,la República de Malawi,ملاوي,马拉维,Малави,Malawi,Malawi,Malawi,ملاوي,马拉维,Малави,,,,,
1136,458,1900,9999,true,Country,Malaysia,la Malaisie,Malasia,ماليزيا,马来西亚,Малайзия,Malaysia,Malaisie,Malasia,ماليزيا,马来西亚,Малайзия,,,,,
1137,462,1900,9999,true,Country,Maldives,la République des Maldives,la República de Maldivas,ملديف,马尔代夫共和国,Мальдивы,Maldives,Maldives,Maldivas,ملديف,马尔代夫共和国,Мальдивы,,,,,
1138,466,1900,9999,true,Country,Mali,la République du Mali,la República de Malí,مالي,马里共和国,Республика Мали,Mali,Mali,Malí,مالي,马里共和国,Республика Мали,,,,,
1139,470,1900,9999,true,Country,Malta,la République de Malte,la República de Malta,جمهورية مالطة,马耳他,Мальта,Malta,Malte,Malta,جمهورية مالطة,马耳他,Мальта,,,,,
1140,584,1991,9999,true,Country,Marshall Islands,la République des Îles Marshall,la República de las Islas Marshall,جمهورية جزر مارشال,马绍尔群岛共和国,Маршалловы Острова,Marshall Islands,Îles Marshall,Islas Marshall,جمهورية جزر مارشال,马绍尔群岛共和国,Маршалловы Острова,,,,,
1141,474,1900,9999,true,Country,Martinique,Martinique,Martinica,مارتينيك,马提尼克,Мартиника,Martinique,Martinique,Martinica,مارتينيك,马提尼克,Мартиника,,,,,
1142,478,1900,9999,true,Country,Mauritania,la République islamique de Mauritanie,la República Islámica de Mauritania,موريتانيا,毛里塔尼亚伊斯兰共和国,Мавритания,Mauritania,Mauritanie,Mauritania,موريتانيا,毛里塔尼亚伊斯兰共和国,Мавритания,,,,,
1143,480,1900,9999,true,Country,Mauritius,la République de Maurice,la República de Mauricio,موريشيوس,毛里求斯,Маврикий,Mauritius,Maurice,Mauricio,موريشيوس,毛里求斯,Маврикий,,,,,
1144,175,2002,9999,true,Country,Mayotte,Mayotte,Mayotte,مايوت,马约特岛,Майотта,Mayotte,Mayotte,Mayotte,مايوت,马约特岛,Майотта,,,,,
1145,484,1900,9999,true,Country,Mexico,les États-Unis du Mexique,los Estados Unidos Mexicanos,المكسيك,墨西哥,Мексика,Mexico,Mexique,México,المكسيك,墨西哥,Мексика,,,,,
1146,583,1991,9999,true,Country,Micronesia (Federated States of),les États fédérés de Micronésie,los Estados Federados de Micronesia,ولايات ميكرونيزيا الموحدة,密克罗尼西亚(联邦),Федеративные Штаты Микронезии,Micronesia Fed.States of,Micronésie(États féd.de),Micronesia(Estados Fed.),ولايات ميكرونيزيا الموحدة,密克罗尼西亚(联邦),Федеративные Штаты Микронезии,,,,,
1147,492,1900,9999,true,Country,Monaco,la Principauté de Monaco,el Principado de Mónaco,موناكو,摩纳哥,Княжество Монако,Monaco,Monaco,Mónaco,موناكو,摩纳哥,Княжество Монако,,,,,
1148,496,1900,9999,true,Country,Mongolia,la Mongolie,Mongolia,منغوليا,蒙 古,Монголия,Mongolia,Mongolie,Mongolia,منغوليا,蒙 古,Монголия,,,,,
1149,499,2006,9999,true,Country,Montenegro,le Monténégro,Montenegro,الجبل الأسود,黑山,Черногория,Montenegro,Monténégro,Montenegro,الجبل الأسود,黑山,Черногория,,,,,
1150,500,1900,9999,true,Country,Montserrat,Montserrat,Montserrat,مونتيسيرات,蒙特塞拉特,Монтсеррат,Montserrat,Montserrat,Montserrat,مونتيسيرات,蒙特塞拉特,Монтсеррат,,,,,
1151,504,1900,9999,true,Country,Morocco,le Royaume du Maroc,el Reino de Marruecos,المملكة المغربية,摩洛哥,Королевство Марокко,Morocco,Maroc,Marruecos,المملكة المغربية,摩洛哥,Королевство Марокко,,,,,
1152,508,1900,9999,true,Country,Mozambique,la République du Mozambique,la República de Mozambique,موزامبيق,莫桑比克,Мозамбик,Mozambique,Mozambique,Mozambique,موزامبيق,莫桑比克,Мозамбик,,,,,
1153,104,1900,9999,true,Country,Myanmar,République de l'Union du Myanmar,la República de la Unión de Myanmar,جمهورية اتحاد ميانمار,缅甸联邦共和国,Республика Союз Мьянма,Myanmar,Myanmar,Myanmar,جمهورية اتحاد ميانمار,缅甸联邦共和国,Республика Союз Мьянма,,,,,
1154,516,1900,9999,true,Country,Namibia,la République de Namibie,la República de Namibia,ناميبيا,纳米比亚,Намибия,Namibia,Namibie,Namibia,ناميبيا,纳米比亚,Намибия,,,,,
1155,520,1900,9999,true,Country,Nauru,la République de Nauru,la República de Nauru,ناورو,瑙 鲁,Республика Науру,Nauru,Nauru,Nauru,ناورو,瑙 鲁,Республика Науру,,,,,
1156,524,1900,9999,true,Country,Nepal,République démocratique fédérale du Nepal,República Federal Democrática de Nepal,نيبال,尼泊尔,Федеративная Демократическая Республика Непал,Nepal,Népal,Nepal,نيبال,尼泊尔,Федеративная Демократическая Республика Непал,,,,,
1157,528,1900,9999,true,Country,Netherlands,le Royaume des Pays-Bas,el Reino de los Países Bajos,هولندا,荷兰王国,Нидерланды,Netherlands,Pays-Bas,Países Bajos,هولندا,荷兰王国,Нидерланды,,,,,
1158,540,1900,9999,true,Country,New Caledonia,Nouvelle-Calédonie,Nueva Caledonia,الجديدة كاليدونيا,新喀里多尼亚,Новая Каледония,New Caledonia,Nouvelle-Calédonie,Nueva Caledonia,الجديدة كاليدونيا,新喀里多尼亚,Новая Каледония,,,,,
1159,554,1900,9999,true,Country,New Zealand,la Nouvelle-Zélande,Nueva Zelandia,نيوزيلندا,新西兰,Новая Зеландия,New Zealand,Nouvelle-Zélande,Nueva Zelandia,نيوزيلندا,新西兰,Новая Зеландия,,,,,
1160,558,1900,9999,true,Country,Nicaragua,la République du Nicaragua,la República de Nicaragua,نيكاراغوا,尼加拉瓜共和国,Никарагуа,Nicaragua,Nicaragua,Nicaragua,نيكاراغوا,尼加拉瓜共和国,Никарагуа,,,,,
1161,562,1900,9999,true,Country,Niger,la République du Niger,la República del Níger,النيجر,尼日尔,Республика Нигер,Niger,Niger,Níger,النيجر,尼日尔,Республика Нигер,,,,,
1162,566,1900,9999,true,Country,Nigeria,la République fédérale du Nigéria,la República Federal de Nigeria,نيجيريا,尼日利亚,Нигерия,Nigeria,Nigéria,Nigeria,نيجيريا,尼日利亚,Нигерия,,,,,
1163,570,1900,9999,true,Country,Niue,la République de Nioué,la República de Niue,نيوى,纽埃,Ниуэ,Niue,Nioué,Niue,نيوى,纽埃,Ниуэ,,,,,
1164,574,1900,9999,true,Country,Norfolk Island,Île Norfolk,Isla Norfolk,لنورفولك لجزيرة تابعة مناطق نورفولك- جزيرة,诺福克岛,остров Норфолк,Norfolk Island,Île Norfolk,Isla Norfolk,لنورفولك لجزيرة تابعة مناطق نورفولك- جزيرة,诺福克岛,остров Норфолк,,,,,
1165,807,1992,9999,true,Country,North Macedonia,la République de Macédoine du Nord,la República de Macedonia del Norte,جمهورية مقدونيا الشمالية,北马其顿共和国,Республика Северная Македония,North Macedonia,Macédoine du Nord,Macedonia del Norte,مقدونيا الشمالية,北马其顿,Северная Македония,,,,"Up to 2018 ""The former Yugoslav Republic of Macedonia",
1166,580,1991,9999,true,Country,Northern Mariana Islands,Commonwealth des Mariannes du Nord,Islas Marianas septentrionales,الشمالية ماريانا جزر,北马里亚纳群岛,Содружество Северных Марианских островов,Northern Mariana Is.,Îles Mariannes du Nord,Islas Marianas septent.,الشمالية ماريانا جزر,北马里亚纳群岛,Северные Марианские острова,,,,,
1167,578,1900,9999,true,Country,Norway,le Royaume de Norvège,el Reino de Noruega,النرويج,挪 威,Норвегия,Norway,Norvège,Noruega,النرويج,挪 威,Норвегия,,,,,
1168,512,1900,9999,true,Country,Oman,le Sultanat d'Oman,la Sultanía de Omán,سلطنة عمان,阿曼苏丹国,Султанат Оман,Oman,Oman,Omán,سلطنة عمان,阿曼苏丹国,Султанат Оман,,,,,
1169,586,1900,9999,true,Country,Pakistan,la République islamique du Pakistan,la República Islámica del Pakistán,باكستان,巴基斯坦,Пакистан,Pakistan,Pakistan,Pakistán,باكستان,巴基斯坦,Пакистан,,,,,
1170,585,1994,9999,true,Country,Palau,la République des Palaos,la República de Palau,بالاو,帕劳共和国,Палау,Palau,Palaos,Palau,بالاو,帕劳共和国,Палау,,,,,
1171,275,1900,9999,true,Country,Palestine,Palestine,Palestina,فلسطين,巴勒斯坦,Палестина,Palestine,Palestine,Palestina,فلسطين,巴勒斯坦,Палестина,,,, FAO descriptor as in NOCS,
1172,591,1977,9999,true,Country,Panama,la République du Panama,la República de Panamá,جمهورية بنما,巴拿马,Панама,Panama,Panama,Panamá,جمهورية بنما,巴拿马,Панама,,,,,
1173,598,1900,9999,true,Country,Papua New Guinea,État indépendant de Papouasie-Nouvelle-Guinée,Estado Independiente de Papua Nueva Guinea,المستقلة الجديدة غينيا بابوا دولة,巴布亚新几内亚独立国,Независимое государство Папуа-Новая Гвинея,Papua New Guinea,Papouasie-Nlle-Guinée,Papua Nueva Guinea,الجديدة غينيا بابوا,巴布亚新几内亚独立国,Папуа-Новая Гвинея,,,,,
1174,600,1900,9999,true,Country,Paraguay,la République du Paraguay,la República del Paraguay,باراغواي,巴拉圭,Парагвай,Paraguay,Paraguay,Paraguay,باراغواي,巴拉圭,Парагвай,,,,,
1175,604,1900,9999,true,Country,Peru,la République du Pérou,la República del Perú,بيرو,秘鲁共和国,Перу,Peru,Pérou,Perú,بيرو,秘鲁共和国,Перу,,,,,
1176,608,1900,9999,true,Country,Philippines,la République des Philippines,la República de Filipinas,جمهورية الفلبين,菲律宾共和国,Республика Филиппины,Philippines,Philippines,Filipinas,جمهورية الفلبين,菲律宾共和国,Республика Филиппины,,,,,
1177,612,1900,9999,true,Country,Pitcairn,Îles Pitcairn,Islas Pitcairn,بيتكيرن جزر,皮特克恩岛,Питкэрн,Pitcairn Islands,Îles Pitcairn,Islas Pitcairn,بيتكيرن جزر,皮特克恩岛,Питкэрн,,,,,
1178,616,1900,9999,true,Country,Poland,la République de Pologne,la República de Polonia,بولندا,波 兰,Польша,Poland,Pologne,Polonia,بولندا,波 兰,Польша,,,,,
1179,620,1900,9999,true,Country,Portugal,la République portugaise,la República Portuguesa,البرتغال,葡萄牙,Португальская Республика,Portugal,Portugal,Portugal,البرتغال,葡萄牙,Португальская Республика,,,,,
1180,630,1900,9999,true,Country,Puerto Rico,Porto Rico,Puerto Rico,بورتوريكو كمنولث,波多黎各自由联邦,Содружество Пуэрто-Рико,Puerto Rico,Porto Rico,Puerto Rico,بورتوريكو,波多黎各,Пуэрто-Рико,,,,,
1181,634,1900,9999,true,Country,Qatar,l'État du Qatar,el Estado de Qatar,دولة قطر,卡塔尔,Государство Катар,Qatar,Qatar,Qatar,دولة قطر,卡塔尔,Государство Катар,,,,,
1182,410,1900,9999,true,Country,Republic of Korea,la République de Corée,la República de Corea,جمهورية كوريا,大韩民国,Республика Корея,Korea Republic of,République de Corée,República de Corea,جمهورية كوريا,大韩民国,Республика Корея,,,,,
1183,498,1992,9999,true,Country,Republic of Moldova,la République de Moldova,la República de Moldova,مولدوفي,摩尔多瓦的,Республика Молдова,Moldova Republic of,République de Moldova,República de Moldova,مولدوفي,摩尔多瓦的,Республика Молдова,,,,,
1184,638,1900,9999,true,Country,Réunion,Réunion,Reunión,رييونيون,留尼汪,Реюньон,Réunion,Réunion,Reunión,رييونيون,留尼汪,Реюньон,,,,,
1185,642,1900,9999,true,Country,Romania,la Roumanie,Rumania,رومانيا,罗马尼亚,Румыния,Romania,Roumanie,Rumania,رومانيا,罗马尼亚,Румыния,,,,,
1186,643,1992,9999,true,Country,Russian Federation,la Fédération de Russie,la Federación de Rusia,الاتحاد الروسي,俄罗斯联邦,Российская Федерация,Russian Federation,Fédération de Russie,Federación de Rusia,الاتحاد الروسي,俄罗斯联邦,Российская Федерация,,"According to the resolution 73/263 adopted by the UN General Assembly if data submitted by the Russian Federation include Crimea the following footnote is suggested: “Information provided by the Russian Federation. Includes statistical data for the Autonomous Republic of Crimea and the city of Sevastopol, Ukraine, temporarily occupied by the Russian Federation”",,,
1187,646,1900,9999,true,Country,Rwanda,la République du Rwanda,la República de Rwanda,رواندا,卢旺达,Руанда,Rwanda,Rwanda,Rwanda,رواندا,卢旺达,Руанда,,,,,
1188,652,2007,9999,true,Country,Saint Barthélemy,Saint-Barthélemy,San Bartolomé,بارتليمي سان,圣巴泰勒米,Сен-Бартельми,Saint Barthélemy,Saint-Barthélemy,San Bartolomé,بارتليمي سان,圣巴泰勒米,Сен-Бартельми,,,,,
1189,654,1900,9999,true,Country,Saint Helena,Sainte-Hélène Ascension et Tristan da Cunha,Santa Elena Ascension y Tristan da Cunha,كونا دا وتريستان وأسنسيون هيلانة سانت,圣赫勒拿、阿森松和特里斯坦达库尼亚,острова Святой Елены Вознесения и Тристан-да-Кунья,Saint Helena,Sainte-Hélène,Santa Elena,كونا دا وتريستان وأسنسيون هيلانة سانت,圣赫勒拿、阿森松和特里斯坦达库尼亚,острова Святой Елены Вознесения и Тристан-да-Кунья,,It includes the three geographical entities: Ascension Saint Helena and Tristan da Cunha,,,
1190,659,1983,9999,true,Country,Saint Kitts and Nevis,Saint-Kitts-et-Nevis,Saint Kitts y Nevis,سانت كيتس ونيفيس,圣基茨和尼维斯,Сент-Китс и Невис,Saint Kitts and Nevis,Saint-Kitts-et-Nevis,Saint Kitts y Nevis,سانت كيتس ونيفيس,圣基茨和尼维斯,Сент-Китс и Невис,,,,,
1191,662,1900,9999,true,Country,Saint Lucia,Sainte-Lucie,Santa Lucía,سانت لوسيا,圣卢西亚,Сент-Люсия,Saint Lucia,Sainte-Lucie,Santa Lucía,سانت لوسيا,圣卢西亚,Сент-Люсия,,,,,
1192,663,2007,9999,true,Country,Saint Martin (French Part),Saint-Martin (Partie française),Saint-Martin (Parte francesa),الفرنسي الجزء - مارتن سان,圣马丁（法属部分）,Сен-Мартен (французская часть),Saint-Martin,Saint-Martin,Saint-Martin,الفرنسي الجزء - مارتن سان,圣马丁（法属部分）,Сен-Мартен (французская часть),,,,,
1193,666,1900,9999,true,Country,Saint Pierre and Miquelon,Saint-Pierre-et-Miquelon,Saint-Pierre y Miquelon,ميكلون إي بيير سان,圣皮埃尔和密克隆,Сен-Пьер и Микелон,St. Pierre and Miquelon,Saint-Pierre-et-Miquelon,San Pedro y Miquelón,ميكلون إي بيير سان,圣皮埃尔和密克隆,Сен-Пьер и Микелон,,,,,
1194,670,1900,9999,true,Country,Saint Vincent and the Grenadines,Saint-Vincent-et-les Grenadines,San Vicente y las Granadinas,سانت فنسنت وجزر غرينادين,圣文森特和格林纳丁斯,Сент-Винсент и Гренадины,Saint Vincent/Grenadines,Saint-Vincent/Grenadines,San Vicente/Grenadinas,سانت فنسنت وجزر غرينادين,圣文森特和格林纳丁斯,Сент-Винсент и Гренадины,,,,,
1195,882,1900,9999,true,Country,Samoa,l'État indépendant du Samoa,el Estado Independiente de Samoa,دولة ساموا المستقلة,萨摩亚,Независимое Государство Самоа,Samoa,Samoa,Samoa,دولة ساموا المستقلة,萨摩亚,Независимое Государство Самоа,,,,,
1196,674,1900,9999,true,Country,San Marino,la République de Saint-Marin,la República de San Marino,جمهورية سان مارينو,圣马力诺,Республика Сан-Марино,San Marino,Saint-Marin,San Marino,جمهورية سان مارينو,圣马力诺,Республика Сан-Марино,,,,,
1197,678,1900,9999,true,Country,Sao Tome and Principe,la République démocratique de Sao Tomé-et-Principe,la República Democrática de Santo Tomé y Príncipe,سان تومي وبرنسيبي,圣多美和普林西比,Сан-Томе и Принсипи,Sao Tome and Principe,Sao Tomé-et-Principe,Santo Tomé y Príncipe,سان تومي وبرنسيبي,圣多美和普林西比,Сан-Томе и Принсипи,,,,,
1198,680,1900,9999,true,Country,Sark,,,,,,Sark,Sercq,Sark,سارك,萨克,Сарк,,,,,
1199,682,1900,9999,true,Country,Saudi Arabia,le Royaume d'Arabie saoudite,el Reino de Arabia Saudita,المملكة العربية السعودية,沙特阿拉伯,Королевство Саудовская Аравия,Saudi Arabia,Arabie saoudite,Arabia Saudita,المملكة العربية السعودية,沙特阿拉伯,Королевство Саудовская Аравия,,,,,
1200,686,1900,9999,true,Country,Senegal,la République du Sénégal,la República del Senegal,السنغال,塞内加尔共和国,Сенегал,Senegal,Sénégal,Senegal,السنغال,塞内加尔共和国,Сенегал,,,,,
1201,688,2006,9999,true,Country,Serbia,la République de Serbie,la República de Serbia,صربيا جمهورية,塞尔维亚共和国,Республика Сербия,Serbia,Serbie,Serbia,صربيا,塞尔维亚,Сербия,,It does not include statistical data for AP Kosovo and Metohia,,,
1202,690,1900,9999,true,Country,Seychelles,la République des Seychelles,la República de Seychelles,سيشيل,塞舌尔共和国,Сейшельские Острова,Seychelles,Seychelles,Seychelles,سيشيل,塞舌尔共和国,Сейшельские Острова,,,,,
1203,694,1900,9999,true,Country,Sierra Leone,la République de Sierra Leone,la República de Sierra Leona,سيراليون,塞拉利昂,Сьерра-Леоне,Sierra Leone,Sierra Leone,Sierra Leona,سيراليون,塞拉利昂,Сьерра-Леоне,,,,,
1204,702,1900,9999,true,Country,Singapore,la République de Singapour,la República de Singapur,سنغافورة جمهورية,新加坡共和国,Республика Сингапур,Singapore,Singapour,Singapur,سنغافورة,新加坡,Сингапур,,,,,
1205,534,2010,9999,true,Country,Sint Maarten (Dutch part),Sint Maarten (Partie néerlandaise),Sint Maarten (Parte de los Países Bajos),مارتن سانت,圣马丁（荷属部分）,Синт-Мартен (голландская часть),Sint Maarten,Sint Maarten,Sint Maarten,مارتن سانت,圣马丁（荷属部分）,Синт-Мартен (голландская часть),,,,,
1206,703,1993,9999,true,Country,Slovakia,la République slovaque,la República Eslovaca,سلوفاكيا,斯洛伐克,Словакия,Slovakia,Slovaquie,Eslovaquia,سلوفاكيا,斯洛伐克,Словакия,,,,,
1207,705,1992,9999,true,Country,Slovenia,la République de Slovénie,la República de Eslovenia,سلوفينيا,斯洛文尼亚,Словения,Slovenia,Slovénie,Eslovenia,سلوفينيا,斯洛文尼亚,Словения,,,,,
1208,090,1900,9999,true,Country,Solomon Islands,les Îles Salomon,las Islas Salomón,جزر سليمان,所罗门群岛,Соломоновы Острова,Solomon Islands,Îles Salomon,Islas Salomón,جزر سليمان,所罗门群岛,Соломоновы Острова,,,,,
1209,706,1900,9999,true,Country,Somalia,la République fédérale de Somalie,la República Federal de Somalia,الإتحادية الصومال جمهورية,索马里联邦共和国,Федеративная Республика Сомали,Somalia,Somalie,Somalia,الصومال,索马里,Сомали,,,,,
1210,710,1900,9999,true,Country,South Africa,la République sud-africaine,la República de Sudáfrica,جمهورية جنوب أفريقيا,南 非,Южная Африка,South Africa,Afrique du Sud,Sudáfrica,جمهورية جنوب أفريقيا,南 非,Южная Африка,,,,,
1211,239,1900,9999,true,Country,South Georgia and the South Sandwich Islands,Îles Géorgie du Sud et Sandwich du Sud,Islas Georgias del Sur y Sandwich del Sur,وساندويتش جورجيا جنوب جزر,南乔治亚岛和南桑威奇群岛（英国）,остров Южная Георгия и Южные Сандвичевы острова,SouthGeorgia/Sandwich Is,Géorgie Sud-Îles Sand.S.,Georgia S.-Is.Sandw.Sur,وساندويتش جورجيا جنوب جزر,南乔治亚岛和南桑威奇群岛（英国）,остров Южная Георгия и Южные Сандвичевы острова,,,,,
1212,728,2011,9999,true,Country,South Sudan,la République du Soudan du Sud,la República de Sudán del Sur,السودان جنوب جمهورية,南苏丹共和国,Республика Южный Судан,South Sudan,Soudan du Sud,Sudán del Sur,السودان جنوب,南苏丹,Южный Судан,,,,,
1213,724,1900,9999,true,Country,Spain,le Royaume d'Espagne,el Reino de España,مملكة إسبانيا,西班牙,Королевство Испания,Spain,Espagne,España,مملكة إسبانيا,西班牙,Королевство Испания,,,,,
1214,144,1900,9999,true,Country,Sri Lanka,la République socialiste démocratique de Sri Lanka,la República Socialista Democrática de Sri Lanka,سري لانكا,斯里兰卡,Шри-Ланка,Sri Lanka,Sri Lanka,Sri Lanka,سري لانكا,斯里兰卡,Шри-Ланка,,,,,
1215,729,2011,9999,true,Country,Sudan,la République du Soudan,la República del Sudán,السودان جمهورية,苏丹共和国,Республика Судан,Sudan,Soudan,Sudán,السودان,苏丹,Судан,,,,,
1216,740,1900,9999,true,Country,Suriname,la République du Suriname,la República de Suriname,سورينام,苏里南,Суринам,Suriname,Suriname,Suriname,سورينام,苏里南,Суринам,,,,,
1217,744,1900,9999,true,Country,Svalbard and Jan Mayen Islands,Îles Svalbard et Jan Mayen,Islas Svalbard y Jan Mayen,مايين وجان سفالبارد جزر,斯瓦尔巴和扬马延群岛,острова Свальбард и Ян-Майен,Svalbard and Jan Mayen,Îles Svalbard/Jan Mayen,Islas Svalbard/Jan Mayen,مايين وجان سفالبارد جزر,斯瓦尔巴和扬马延群岛,острова Свальбард и Ян-Майен,,,,,
1218,752,1900,9999,true,Country,Sweden,le Royaume de Suède,el Reino de Suecia,السويد,瑞 典,Королевство Швеция,Sweden,Suède,Suecia,السويد,瑞 典,Королевство Швеция,,,,,
1219,756,1900,9999,true,Country,Switzerland,la Confédération suisse,la Confederación Suiza,الاتحاد السويسري,瑞 士,Швейцария,Switzerland,Suisse,Suiza,الاتحاد السويسري,瑞 士,Швейцария,,,,,
1220,760,1900,9999,true,Country,Syrian Arab Republic,la République arabe syrienne,la República Árabe Siria,الجمهورية العربية السورية,阿拉伯叙利亚共和国,Сирийская Арабская Республика,Syrian Arab Republic,Rép. arabe syrienne,República Árabe Siria,الجمهورية العربية السورية,阿拉伯叙利亚共和国,Сирийская Арабская Республика,,,,,
1221,158,1900,9999,true,Country,"Taiwan, Province of China",Province chinoise de Taïwan,Provincia china de Taiwán,الصينية تايوان مقاطعة,中国台湾省,китайская провинция Тайвань,Taiwan Province of China,Prov. chinoise de Taïwan,Prov. china de Taiwán,الصينية تايوان مقاطعة,中国台湾省,китайская провинция Тайвань,,,,"FAO code and descriptor; descriptor as in NOCS

The ad hoc FAO code 158 - Taiwan Province of China has been assigned to geographical/economic groupings as 156 - China following the ""main country"" principle.",
1222,762,1992,9999,true,Country,Tajikistan,la République du Tadjikistan,la República de Tayikistán,جمهورية طاجيكستان,塔吉克斯坦,Республика Таджикистан,Tajikistan,Tadjikistan,Tayikistán,جمهورية طاجيكستان,塔吉克斯坦,Республика Таджикистан,,,,,
1223,764,1900,9999,true,Country,Thailand,le Royaume de Thaïlande,el Reino de Tailandia,مملكة تايلند,泰 国,Королевство Таиланд,Thailand,Thaïlande,Tailandia,مملكة تايلند,泰 国,Королевство Таиланд,,,,,
1224,626,1900,9999,true,Country,Timor-Leste,la République démocratique du Timor-Leste,la República Democrática de Timor-Leste,تيمور- ليشتى,东帝汶,Тимор-Лешти,Timor-Leste,Timor-Leste,Timor-Leste,تيمور- ليشتى,东帝汶,Тимор-Лешти,,,,,
1225,768,1900,9999,true,Country,Togo,la République togolaise,la República Togolesa,توغو,多哥共和国,Того,Togo,Togo,Togo,توغو,多哥共和国,Того,,,,,
1226,772,1900,9999,true,Country,Tokelau,les Tokélaou,Tokelau,توكيلاو,托克劳,Токелау,Tokelau,Tokélaou,Tokelau,توكيلاو,托克劳,Токелау,,,,,
1227,776,1900,9999,true,Country,Tonga,le Royaume des Tonga,el Reino de Tonga,تونغا,汤 加,Тонга,Tonga,Tonga,Tonga,تونغا,汤 加,Тонга,,,,,
1228,780,1900,9999,true,Country,Trinidad and Tobago,la République de Trinité-et-Tobago,la República de Trinidad y Tabago,ترينيداد وتوباغو,特立尼达和多巴哥共和国,Тринидад и Тобаго,Trinidad and Tobago,Trinité-et-Tobago,Trinidad y Tabago,ترينيداد وتوباغو,特立尼达和多巴哥共和国,Тринидад и Тобаго,,,,,
1229,788,1900,9999,true,Country,Tunisia,la République tunisienne,la República de Túnez,تونس,突尼斯,Тунисская Республика,Tunisia,Tunisie,Túnez,تونس,突尼斯,Тунисская Республика,,,,,
1230,792,1900,9999,true,Country,Turkey,la République turque,la República de Turquía,الجمهورية التركية,土耳其,Турция,Turkey,Turquie,Turquía,الجمهورية التركية,土耳其,Турция,,,,,
1231,795,1992,9999,true,Country,Turkmenistan,le Turkménistan,Turkmenistán,تركمانستان,土库曼斯坦,Туркменистан,Turkmenistan,Turkménistan,Turkmenistán,تركمانستان,土库曼斯坦,Туркменистан,,,,,
1232,796,1900,9999,true,Country,Turks and Caicos Islands,Îles Turques et Caïques,Islas Turcas y Caicos,وكايكوس تركس جزر,特克斯和凯科斯群岛,острова Тёркс и Кайкос,Turks and Caicos Is.,Îles Turques et Caïques,Islas Turcas y Caicos,وكايكوس تركس جزر,特克斯和凯科斯群岛,острова Тёркс и Кайкос,,,,,
1233,798,1900,9999,true,Country,Tuvalu,Tuvalu,Tuvalu,توفالو,图瓦卢,Тувалу,Tuvalu,Tuvalu,Tuvalu,توفالو,图瓦卢,Тувалу,,,,,
1234,800,1900,9999,true,Country,Uganda,la République de l'Ouganda,la República de Uganda,جمهورية أوغندا,乌干达,Уганда,Uganda,Ouganda,Uganda,جمهورية أوغندا,乌干达,Уганда,,,,,
1235,804,1992,9999,true,Country,Ukraine,l'Ukraine,Ucrania,أوكرانيا,乌克兰,Украина,Ukraine,Ukraine,Ucrania,أوكرانيا,乌克兰,Украина,,,,,
1236,784,1900,9999,true,Country,United Arab Emirates,les Émirats arabes unis,los Emiratos Árabes Unidos,الإمارات العربية المتحدة,阿拉伯联合酋长国,Объединенные Арабские Эмираты,United Arab Emirates,Émirats arabes unis,Emiratos Árabes Unidos,الإمارات العربية المتحدة,阿拉伯联合酋长国,Объединенные Арабские Эмираты,,,,,
1237,826,1900,9999,true,Country,United Kingdom of Great Britain and Northern Ireland,le Royaume-Uni de Grande-Bretagne et d'Irlande du Nord,el Reino Unido de Gran Bretaña e Irlanda del Norte,المملكة المتحدة,大不列颠及北爱尔兰联合王国,Соединенное Королевство (Великобритании и Северной Ирландии),United Kingdom,Royaume-Uni,Reino Unido,المملكة المتحدة,大不列颠及北爱尔兰联合王国,Соединенное Королевство (Великобритании и Северной Ирландии),,,,,
1238,834,1900,9999,true,Country,United Republic of Tanzania,la République-Unie de Tanzanie,la República Unida de Tanzanía,جمهورية تنزانيا المتحدة,坦桑尼亚联合共和国,Объединенная Республика Танзания,Tanzania United Rep. of,Rép.-Unie de Tanzanie,Rep. Unida de Tanzanía,جمهورية تنزانيا المتحدة,坦桑尼亚联合共和国,Объединенная Республика Танзания,,,,,
1239,836,,,true,Country,"United Republic of Tanzania, Zanzibar","la République-Unie de Tanzanie, Zanzibar","la República Unida de Tanzanía, Zanzibar",,,,"United Republic of Tanzania, Zanzibar (the)","République-Unie de Tanzanie, Zanzibar (la)","República Unida de Tanzanía, Zanzibar (la)",,,,,,,"FAO code and descriptor; agreed with FAOTERM

The ad hoc FAO code 836 - United Republic of Tanzania Zanzibar has been assigned to geographical/economic groupings as 834 - United Republic of Tanzania following the ""main country"" principle.",
1240,581,1986,9999,true,Country,United States Minor Outlying Islands,Îles mineures éloignées des États-Unis,Islas Menores Periféricas de los Estados Unidos,الصغرى المتحدة الولايات جزر,美国小离岛,малые отдаленные острова Соединенных Штатов Америки,US Minor Outlying Is.,Îles Mineures EloignésEU,Is Menores PeriféricasEU,الصغرى المتحدة الولايات جزر,美国小离岛,малые отдаленные острова Соединенных Штатов Америки,,,,,
1241,840,1900,9999,true,Country,United States of America,les États-Unis d'Amérique,los Estados Unidos de América,الولايات المتحدة الأمريكية,美利坚合众国,Соединенные Штаты Америки,United States of America,États-Unis d'Amérique,EstadosUnidos de América,الولايات المتحدة الأمريكية,美利坚合众国,Соединенные Штаты Америки,,,,,
1242,850,1900,9999,true,Country,United States Virgin Islands,les Îles Vierges américaines,las Islas Vírgenes (EE.UU.),المتحدة للولايات التابعة فيرجين جزر,美属维尔京群岛,Виргинские острова Соединенных Штатов,US Virgin Islands,Îles Vierges américaines,Islas Vírgenes (EE.UU.),المتحدة للولايات التابعة فيرجين جزر,美属维尔京群岛,Виргинские острова США,,,,,
1243,858,1900,9999,true,Country,Uruguay,la République orientale de l'Uruguay,la República Oriental del Uruguay,أوروغواي,乌拉圭东岸共和国,Уругвай,Uruguay,Uruguay,Uruguay,أوروغواي,乌拉圭东岸共和国,Уругвай,,,,,
1244,860,1992,9999,true,Country,Uzbekistan,la République d'Ouzbékistan,la República de Uzbekistán,جمهورية أوزبكستان,乌兹别克斯坦,Узбекистан,Uzbekistan,Ouzbékistan,Uzbekistán,جمهورية أوزبكستان,乌兹别克斯坦,Узбекистан,,,,,
1245,548,1900,9999,true,Country,Vanuatu,la République de Vanuatu,la República de Vanuatu,فانواتو,瓦努阿图共和国,Республика Вануату,Vanuatu,Vanuatu,Vanuatu,فانواتو,瓦努阿图共和国,Республика Вануату,,,01/03/2021 Vanuatu removed from LDCs group (https://www.un.org/development/desa/dpad/2020/vanuatu-graduated-from-ldc-status/),,
1246,862,1900,9999,true,Country,Venezuela (Bolivarian Republic of),la République bolivarienne du Venezuela,la República Bolivariana de Venezuela,جمهورية فنزويلا البوليفارية,委内瑞拉 (玻利瓦尔共和国),Венесуэла (Боливарианская Республика),Venezuela Boliv Rep of,Venezuela Rép boliv du,Venezuela Rep Boliv de ,جمهورية فنزويلا البوليفارية,委内瑞拉 (玻利瓦尔共和国),Венесуэла (Боливарианская Республика),,,,,
1247,704,1977,9999,true,Country,Viet Nam,la République socialiste du Viet Nam,la República Socialista de Viet Nam,فييت نام,越南社会主义共和国,Вьетнам,Viet Nam,Viet Nam,Viet Nam,فييت نام,越南社会主义共和国,Вьетнам,,,,,
1248,876,1900,9999,true,Country,Wallis and Futuna Islands,les Îles Wallis et Futuna,Islas Wallis y Futuna,وفوتونا واليس جزر,瓦利斯和富图纳群岛,острова Уоллис и Футуна,Wallis and Futuna Is.,Îles Wallis et Futuna,Islas Wallis y Futuna,وفوتونا واليس جزر,瓦利斯和富图纳群岛,острова Уоллис и Футуна,,,,,
1249,732,1900,9999,true,Country,Western Sahara,Sahara occidental,Sáhara occidental,الغربية الصحراء,西撒哈拉,Западная Сахара,Western Sahara,Sahara occidental,Sahara Occidental,الغربية الصحراء,西撒哈拉,Западная Сахара,,,,,
1250,887,1990,9999,true,Country,Yemen,la République du Yémen,la República del Yemen,اليمن,也 门,Йеменская Республика,Yemen,Yémen,Yemen,اليمن,也 门,Йеменская Республика,,,,,
1251,894,1900,9999,true,Country,Zambia,la République de Zambie,la República de Zambia,جمهورية زامبيا,赞比亚,Замбия,Zambia,Zambie,Zambia,جمهورية زامبيا,赞比亚,Замбия,,,,,
1252,716,1900,9999,true,Country,Zimbabwe,la République du Zimbabwe,la República de Zimbabwe,جمهورية زمبابوي,津巴布韦,Республика Зимбабве,Zimbabwe,Zimbabwe,Zimbabwe,جمهورية زمبابوي,津巴布韦,Республика Зимбабве,,,,,
1253,058,1900,1999,false,Country,Belgium-Luxembourg [former],,,,,,Belgium-Luxembourg,Belgique-Luxembourg,Belgica-Luxemburgo,,,,,,Active up to 31 December 1999,,
1254,128,1900,1984,false,Country,Canton and Enderbury Islands [former],,,,,,Canton and Enderbury Is,Canton et Enderbury Îl,Canton y Enderbury Is,,,,,,Active up to 1984 (ISO 3166-1 list).,,
1255,200,1900,1993,false,Country,Czechoslovakia [former],Tchécoslovaquie,Checoslovaquia,,,,Czechoslovakia,Tchécoslovaquie,Checoslovaquia,,,,,,Active up to 1 Jan 1993,,
1256,720,1900,1990,false,Country,Democratic Yemen [former],,,,,,Yemen Democratic,Yemen Democratique,Yemen Democratico,,,,,,Active up to 22 May 1990,,
1257,230,1900,1993,false,Country,Ethiopia [former],,,,,,Ethiopia PDR,Éthiopie RDP,Etiopía RDP,,,,,,Active up to 23 May 1993,,
1258,274,1900,1995,false,Country,Gaza Strip [former],Bande de Gaza (Palestine),Faja de Gaza (Palestina),,,,,,,,,,,,Active up to 1995,,
1259,278,1900,1990,false,Country,German Democratic Republic [former],,,,,,GermanyNew Länder,AllemagneNouveauxLänder,AlemaniaNuevos Länder,,,,,,Active up to 3 Oct 1990,,
1260,280,1900,1990,false,Country,"Germany, Federal Republic of [former]",,,,,,Germany Fed. Rep. of,Allemagne Rép. féd. d',Alemania Rep. Fed. de,,,,,,Active up to 3 Oct 1990,,
1261,396,1900,1986,false,Country,Johnston Island [former],Île Johnston,Isla Johnston,,,,Johnston Island,Johnston Ile,Johnston Isla,,,,,,Active up to 1986,,
1262,488,1900,1986,false,Country,Midway Island [former],Midway Îles,Midway Islas,,,,,Île Midway,Islas Midway,,,,,,Active up to 1986,,
1263,530,1986,2010,false,Country,Netherlands Antilles [former],les Antilles néerlandaises,Antillas Neerlandesas,من جزر الأنتيل الهولندية,荷属安的列斯人/属安的列斯人的,(из/ житель) Голландских Антильских островов,Netherlands Antilles,Antilles néerlandaises,Antillas Neerlandesas,من جزر الأنتيل الهولندية,荷属安的列斯人/属安的列斯人的,(из/ житель) Голландских Антильских островов,,,Active from 1 Jan 1986 to 10 Oct 2010,,
1264,532,1900,1986,false,Country,"Netherlands Antilles [former, pre-1986]",,,,,,,,,,,,,,Active up to 1 Jan 1986,"Descriptor from OCS Standard, October 2020",
1265,582,1900,1991,false,Country,Pacific Islands (Trust Territory) [former],Territoire des Îles du Pacifique,Territorio de las Islas del Pacífico,,,,Pacific Islands Trust Tr,Pacifique Îles du,Pacifico Islas del,,,,,,Active up to 1991,,
1266,891,1992,2006,false,Country,Serbia and Montenegro [former],Serbie-et-Monténégro,Serbia y Montenegro,,,,,Serbie-et-Monténégro,Serbia y Montenegro,,,,,,Active up to 3 Jun 2006,,
1267,736,1956,2011,false,Country,Sudan [former],la République du Soudan,la República del Sudán,السودان جمهورية,苏丹共和国,Республика Судан,Sudan (former),Soudan (ex),Sudán (ex),السودان,苏丹,Судан,,,Active up to 9 Jul 2011,,
1268,810,1900,1991,false,Country,Union of Soviet Socialist Republics [former],Union des Républiques socialistes soviétiques,Unión de Rep.Soc.Sov.,,,,Un. Sov. Soc. Rep.,Union des Rép.soc.sov.,Unión de Rep.Soc.Sov.,,,,,,Active up to 1991,,
1269,872,1900,1986,false,Country,Wake Island [former],Îles Wake,Isla Wake,,,,Wake Island,Wake Île de,Wake Isla,,,,,,Active up to 1986,,
1270,402,1900,1995,false,Country,West Bank [former],la Cisjordanie,Ribera Occidental,,,,West Bank,Cisjordanie,Cisjordania,,,,,,Active up to 1995,,
1271,886,1900,1990,false,Country,Yemen [former],,,,,,,Yemen Rep. Arabe,Yemen Republica Araba,,,,,,Active up to 22 May 1990,,
1272,890,1900,1992,false,Country,Yugoslavia [former],République socialiste fédérative de Yougoslavie,RFS de Yugoslavia,جمهورية صربيا,塞尔维亚,Сербия,Yugoslavia SFR,RFS de Yougoslavie,RFS de Yugoslavia,جمهورية صربيا,塞尔维亚,Сербия,,,Active up to 1992,,
1275,381,,,false,Area,Italy - San Marino - Holy See,Italie - Saint-Marin - le Saint-Siège,Italia - San Marino - la Santa Sede,,,,,,,,,,,,,"For internal purpose only; not to be disseminated

Relevant for FAO ESS time series to be consistent available in code lists used at the international level (e.g. UN Comtrade).

Note written in 22.04.2020",
1276,835,,,false,Area,"United Republic of Tanzania, mainland (ex Tanganyika)",République-Unie de Tanzanie continentale (ex Tanganyika),República Unida de Tanzania Continental (ex Tanganica),,,,,,,,,,,,,"For internal purpose only; not to be disseminated

Relevant for FAO ESS time series to be consistent available in code lists used at the international level (e.g. UN Comtrade).

Note written in 22.04.2020",
